id_cliente,data_transacao,valor,estado_cliente,origem,plataforma,dia_semana_num,dia_semana,mes,nivel_risco,z_score
C103,2026-09-01 00:00:00-03:00,12000.0,MG,mobile_app,Mobile,1,Terça,9,Baixo,2.5364968379187847
C104,2026-09-01 03:00:00-03:00,12000.0,MG,mobile_app,Mobile,1,Terça,9,Alto,2.5364968379187847
C103,2026-09-01 10:00:00-03:00,12000.0,SP,atm,Mobile,1,Terça,9,Baixo,2.9881346817411214
C102,2026-09-01 11:00:00-03:00,12000.0,RS,mobile_app,Mobile,1,Terça,9,Médio,3.0576796930319854
C104,2026-09-01 17:00:00-03:00,12000.0,RS,web,Mobile,1,Terça,9,Alto,3.0576796930319854
C103,2026-09-02 05:00:00-03:00,12000.0,RJ,atm,Mobile,2,Quarta,9,Baixo,2.912793315675008
C103,2026-09-02 16:00:00-03:00,12000.0,MG,web,Mobile,2,Quarta,9,Baixo,2.5364968379187847
C101,2026-09-04 01:00:00-03:00,12000.0,RS,atm,Mobile,4,Sexta,9,Alto,3.0576796930319854
C103,2026-09-06 01:00:00-03:00,12000.0,RJ,web,Mobile,6,Domingo,9,Baixo,2.912793315675008
C104,2026-09-06 21:00:00-03:00,12000.0,SP,mobile_app,Mobile,6,Domingo,9,Alto,2.9881346817411214
C100,2026-09-07 07:00:00-03:00,12000.0,MG,web,Mobile,0,Segunda,9,Baixo,2.5364968379187847
C104,2026-09-07 13:00:00-03:00,12000.0,RJ,mobile_app,Mobile,0,Segunda,9,Alto,2.912793315675008
C101,2026-09-08 07:00:00-03:00,12000.0,SP,mobile_app,Mobile,1,Terça,9,Alto,2.9881346817411214
C101,2026-09-09 08:00:00-03:00,12000.0,MG,web,Mobile,2,Quarta,9,Alto,2.5364968379187847
C103,2026-09-10 00:00:00-03:00,12000.0,SP,web,Mobile,3,Quinta,9,Baixo,2.9881346817411214
C100,2026-09-10 03:00:00-03:00,12000.0,SP,web,Mobile,3,Quinta,9,Baixo,2.9881346817411214
C102,2026-09-10 06:00:00-03:00,12000.0,SP,web,Mobile,3,Quinta,9,Médio,2.9881346817411214
C101,2026-09-10 10:00:00-03:00,12000.0,MG,web,Mobile,3,Quinta,9,Alto,2.5364968379187847
C102,2026-09-10 12:00:00-03:00,12000.0,MG,atm,Mobile,3,Quinta,9,Médio,2.5364968379187847
C100,2026-09-11 16:00:00-03:00,12000.0,SP,mobile_app,Mobile,4,Sexta,9,Baixo,2.9881346817411214
C103,2026-09-12 19:00:00-03:00,12000.0,MG,web,Mobile,5,Sábado,9,Baixo,2.5364968379187847
C102,2026-09-13 00:00:00-03:00,12000.0,RJ,web,Mobile,6,Domingo,9,Médio,2.912793315675008
C103,2026-09-13 06:00:00-03:00,12000.0,RJ,atm,Mobile,6,Domingo,9,Baixo,2.912793315675008
C103,2026-09-13 19:00:00-03:00,12000.0,SP,web,Mobile,6,Domingo,9,Baixo,2.9881346817411214
C101,2026-09-17 03:00:00-03:00,12000.0,RS,mobile_app,Mobile,3,Quinta,9,Alto,3.0576796930319854
C101,2026-09-17 05:00:00-03:00,12000.0,SP,atm,Mobile,3,Quinta,9,Alto,2.9881346817411214
C104,2026-09-18 19:00:00-03:00,12000.0,RS,web,Mobile,4,Sexta,9,Alto,3.0576796930319854
C104,2026-09-19 20:00:00-03:00,12000.0,MG,mobile_app,Mobile,5,Sábado,9,Alto,2.5364968379187847
C100,2026-09-22 01:00:00-03:00,12000.0,RJ,mobile_app,Mobile,1,Terça,9,Baixo,2.912793315675008
C100,2026-09-24 08:00:00-03:00,12000.0,MG,atm,Mobile,3,Quinta,9,Baixo,2.5364968379187847
C103,2026-09-24 12:00:00-03:00,12000.0,RJ,web,Mobile,3,Quinta,9,Baixo,2.912793315675008
C101,2026-09-24 19:00:00-03:00,12000.0,RS,mobile_app,Mobile,3,Quinta,9,Alto,3.0576796930319854
C103,2026-09-26 19:00:00-03:00,12000.0,RS,mobile_app,Mobile,5,Sábado,9,Baixo,3.0576796930319854
C103,2026-09-26 23:00:00-03:00,12000.0,MG,mobile_app,Mobile,5,Sábado,9,Baixo,2.5364968379187847
C102,2026-09-28 04:00:00-03:00,12000.0,RS,mobile_app,Mobile,0,Segunda,9,Médio,3.0576796930319854
C102,2026-09-28 11:00:00-03:00,12000.0,RJ,atm,Mobile,0,Segunda,9,Médio,2.912793315675008
C103,2026-10-01 03:00:00-03:00,12000.0,MG,web,Mobile,3,Quinta,10,Baixo,2.5364968379187847
C100,2026-10-01 05:00:00-03:00,12000.0,RJ,mobile_app,Mobile,3,Quinta,10,Baixo,2.912793315675008
C104,2026-10-02 19:00:00-03:00,12000.0,MG,web,Mobile,4,Sexta,10,Alto,2.5364968379187847
C102,2026-10-05 22:00:00-03:00,12000.0,MG,web,Mobile,0,Segunda,10,Médio,2.5364968379187847
C100,2026-10-06 03:00:00-03:00,12000.0,MG,web,Mobile,1,Terça,10,Baixo,2.5364968379187847
C102,2026-10-06 19:00:00-03:00,12000.0,RS,mobile_app,Mobile,1,Terça,10,Médio,3.0576796930319854
C103,2026-10-07 02:00:00-03:00,12000.0,MG,atm,Mobile,2,Quarta,10,Baixo,2.5364968379187847
C103,2026-10-07 07:00:00-03:00,12000.0,MG,atm,Mobile,2,Quarta,10,Baixo,2.5364968379187847
C101,2026-10-08 02:00:00-03:00,12000.0,RJ,atm,Mobile,3,Quinta,10,Alto,2.912793315675008
C102,2026-10-12 01:00:00-03:00,12000.0,MG,atm,Mobile,0,Segunda,10,Médio,2.5364968379187847
